<?xml version="1.0" encoding="UTF-8"?>
<metadata xml:lang="en"><Esri><CreaDate>20110927</CreaDate><CreaTime>09521600</CreaTime><ArcGISFormat>1.0</ArcGISFormat><SyncOnce>TRUE</SyncOnce><DataProperties><itemProps><itemLocation><linkage Sync="TRUE">file://\\CERVUS\C$\MyDocuments\Teaching\UofMcourses\WBIO562\WILD562_Fall2011\GISLabs\2011Labs\lab5\data\wolfyht</linkage><protocol Sync="TRUE">Local Area Network</protocol></itemLocation></itemProps><copyHistory><copy source="C:\MyDocuments\Teaching\UofMcourses\WBIO562\WILD562_Fall2011\GISLabs\2011Labs\lab5\wolfyht" dest="\\CERVUS\C$\MyDocuments\Teaching\UofMcourses\WBIO562\WILD562_Fall2011\GISLabs\2011Labs\lab5\data\wolfyht" date="20110927" time="09521600"></copy></copyHistory></DataProperties></Esri></metadata>
